{"AL": 52.4, "AK": 57.81666666666667, "AZ": 52.78333333333333, "AR": 49.36666666666667, "CA": 31.716666666666665, "CO": 49.666666666666664, "CT": 45.45000000000001, "DE": 50.93333333333334, "FL": 49.800000000000004, "GA": 43.5, "HI": 33.81666666666667, "ID": 47.28333333333333, "IL": 38.81666666666667, "IN": 49.4, "IA": 41.699999999999996, "KS": 45.583333333333336, "KY": 65.39999999999999, "LA": 58.0, "ME": 56.11666666666667, "MD": 31.483333333333334, "MA": 44.38333333333333, "MI": 45.85, "MN": 41.63333333333333, "MS": 58.833333333333336, "MO": 54.13333333333333, "MT": 52.88333333333335, "NE": 38.15, "NV": 45.800000000000004, "NH": 56.88333333333333, "NJ": 38.6, "NM": 68.89999999999999, "NY": 30.833333333333332, "NC": 50.65, "ND": 42.633333333333326, "OH": 58.31666666666666, "OK": 60.949999999999996, "OR": 43.1, "PA": 55.583333333333336, "RI": 50.93333333333334, "SC": 56.333333333333336, "SD": 50.550000000000004, "TN": 58.70000000000001, "TX": 38.36666666666667, "UT": 43.13333333333333, "VT": 51.616666666666674, "VA": 40.35, "WA": 41.65, "WV": 79.80000000000001, "WI": 51.666666666666664, "WY": 60.21666666666666}
